{
  "metrics": [
    {
      "actor_loss": 0.34400972723960876,
      "backend": "numpy",
      "collect_episodes": 4,
      "collect_landings": 0,
      "collect_mean_return": -126.84822378244556,
      "continuation_loss": 0.7001942098140717,
      "critic_loss": 0.0844760537147522,
      "cycle": 0,
      "device": "mps",
      "dream_to_real_error": 0.13661523163318634,
      "dream_video": "runs/smoke-20260502-123428/videos/dream.mp4",
      "eval_return_max": -118.08454907583287,
      "eval_return_mean": -118.08454907583287,
      "imagined_value": -0.3457762748003006,
      "landing_success_rate": 0.0,
      "obs_loss": 0.12610819190740585,
      "parameter_count": 46287,
      "phase": "checkpointed",
      "real_video": "runs/smoke-20260502-123428/videos/real.mp4",
      "replay_size": 80,
      "reward_loss": 725.1971740722656,
      "run": "smoke-20260502-123428",
      "total_env_steps": 80,
      "wall_clock_seconds": 0.4446289539337158,
      "world_model_loss": 725.4633331298828
    },
    {
      "actor_loss": 0.34400972723960876,
      "backend": "numpy",
      "collect_episodes": 4,
      "collect_landings": 0,
      "collect_mean_return": -126.84822378244556,
      "continuation_loss": 0.7001942098140717,
      "critic_loss": 0.0844760537147522,
      "cycle": 0,
      "device": "mps",
      "dream_to_real_error": 0.13661523163318634,
      "dream_video": "runs/smoke-20260502-124017/videos/dream.mp4",
      "eval_return_max": -118.08454907583287,
      "eval_return_mean": -118.08454907583287,
      "imagined_value": -0.3457762748003006,
      "landing_success_rate": 0.0,
      "obs_loss": 0.12610819190740585,
      "parameter_count": 46287,
      "phase": "checkpointed",
      "real_video": "runs/smoke-20260502-124017/videos/real.mp4",
      "replay_size": 80,
      "reward_loss": 725.1971740722656,
      "run": "smoke-20260502-124017",
      "total_env_steps": 80,
      "wall_clock_seconds": 0.4814631938934326,
      "world_model_loss": 725.4633331298828
    }
  ]
}